iter	Logloss
0	0.6291761316
100	0.5836200295
200	0.5681775628
300	0.5534876509
400	0.5401558902
500	0.5274386063
600	0.5150381409
700	0.5028483359
796	0.4916813672
